Filenames,Depths,White percents
images/MASK_Sk658 Llobe ch010017.jpg,45,0.6571054458618164
images/MASK_Sk658 Llobe ch010071.jpg,810,2.8075218200683594
images/MASK_Sk658 Llobe ch010039.jpg,15,0.5161285400390625
images/MASK_Sk658 Slobe ch010110.jpg,5300,2.289104461669922
images/MASK_Sk658 Slobe ch010126.jpg,6800,2.43985652923584
images/MASK_Sk658 Slobe ch010159.jpg,860,1.4168262481689453
